,Unnamed: 0,City,Cloudiness,Country,Date,Humidity,Lat,Lng,Max Temp,Wind Speed
0,0,bretzfeld,0.0,DE,1553315252.0,77.0,49.18,9.44,45.0,2.24
1,1,punta arenas,20.0,CL,1553314990.0,87.0,-53.16,-70.91,48.2,9.17
2,2,saint george,40.0,GR,1553313000.0,93.0,39.45,22.34,41.0,2.62
3,3,port elizabeth,40.0,US,1553315253.0,60.0,39.31,-74.98,42.01,17.22
4,4,atuona,32.0,PF,1553315178.0,99.0,-9.8,-139.03,82.58,15.82
5,5,qurunbaliyah,,,,,,,,
6,6,rikitea,88.0,PF,1553315262.0,100.0,-23.12,-134.97,78.35,18.84
7,7,hilo,75.0,US,1553315240.0,73.0,19.71,-155.08,73.99,8.05
8,8,tuktoyaktuk,75.0,CA,1553313600.0,76.0,69.44,-133.03,-4.01,19.46
9,9,hermanus,12.0,ZA,1553314602.0,89.0,-34.42,19.24,64.0,5.01
10,10,mount isa,40.0,AU,1553313600.0,43.0,-20.73,139.49,89.6,14.99
11,11,iracoubo,92.0,GF,1553315263.0,83.0,5.48,-53.21,76.82,6.2
12,12,butaritari,88.0,KI,1553315156.0,100.0,3.07,172.79,77.18,2.62
13,13,lampazos de naranjo,36.0,MX,1553315263.0,74.0,27.02,-100.51,67.19,7.99
14,14,kattivakkam,40.0,IN,1553313600.0,66.0,13.22,80.32,87.8,9.17
15,15,souillac,0.0,FR,1553315228.0,75.0,45.6,-0.6,43.0,4.29
16,16,hakvik,,,,,,,,
17,17,dubai,0.0,AE,1553315053.0,47.0,25.27,55.3,78.01,6.93
18,18,tsihombe,,,,,,,,
19,19,arraial do cabo,56.0,BR,1553315264.0,93.0,-22.97,-42.02,76.37,8.88
20,20,umm lajj,24.0,SA,1553315264.0,100.0,25.02,37.27,60.08,5.3
21,21,castro,90.0,CL,1553313600.0,100.0,-42.48,-73.76,55.4,6.93
22,22,tasiilaq,68.0,GL,1553313000.0,43.0,65.61,-37.64,12.2,6.93
23,23,qaanaaq,20.0,GL,1553315265.0,92.0,77.48,-69.36,-29.57,9.33
24,24,pevek,0.0,RU,1553315161.0,76.0,69.7,170.27,-3.38,2.62
25,25,albany,90.0,US,1553315226.0,80.0,42.65,-73.75,34.0,25.28
26,26,saint-philippe,90.0,CA,1553315256.0,94.0,45.36,-73.48,36.0,21.92
27,27,basco,1.0,US,1553315137.0,64.0,40.33,-91.2,46.99,3.36
28,28,guzelyurt,0.0,TR,1553313000.0,86.0,38.28,34.37,27.0,3.36
29,29,mataura,64.0,NZ,1553315163.0,48.0,-46.19,168.86,76.82,5.19
30,30,sergeyevka,48.0,KZ,1553315266.0,75.0,53.88,67.42,20.84,2.62
31,31,halifax,90.0,CA,1553315264.0,100.0,44.65,-63.58,39.0,20.8
32,32,salihli,0.0,TR,1553315267.0,86.0,38.48,28.15,33.17,2.06
33,33,houma,32.0,CN,1553315267.0,43.0,35.63,111.36,49.64,2.28
34,34,kapaa,75.0,US,1553315011.0,78.0,22.08,-159.32,78.8,20.8
35,35,cidreira,56.0,BR,1553315267.0,99.0,-30.17,-50.22,63.5,10.67
36,36,pangai,20.0,TO,1553310000.0,61.0,-19.8,-174.35,82.4,10.29
37,37,morant bay,20.0,JM,1553310000.0,69.0,17.88,-76.41,78.8,5.82
38,38,bredasdorp,24.0,ZA,1553314566.0,93.0,-34.53,20.04,64.0,3.36
39,39,bluff,0.0,AU,1553315173.0,50.0,-23.58,149.07,90.32,8.21
40,40,geraldton,5.0,CA,1553313600.0,61.0,49.72,-86.95,14.0,2.24
41,41,tabukiniberu,,,,,,,,
42,42,lagoa,0.0,PT,1553315230.0,71.0,37.14,-8.45,57.0,8.05
43,43,avarua,100.0,CK,1553311800.0,78.0,-21.21,-159.78,82.4,3.36
44,44,busselton,0.0,AU,1553315130.0,28.0,-33.64,115.35,72.0,13.24
45,45,svetlaya,32.0,RU,1553315219.0,100.0,46.54,138.33,24.8,5.41
46,46,bethel,75.0,US,1553313360.0,70.0,60.79,-161.76,42.8,8.05
47,47,airai,8.0,TL,1553315241.0,57.0,-8.93,125.41,84.56,2.62
48,48,yulara,0.0,AU,1553313600.0,10.0,-25.24,130.99,104.0,12.75
49,49,lompoc,1.0,US,1553315147.0,87.0,34.64,-120.46,55.4,4.7
50,50,marsabit,0.0,KE,1553315273.0,64.0,2.34,37.99,72.68,6.87
51,51,cape town,0.0,ZA,1553314972.0,82.0,-33.93,18.42,68.0,9.17
52,52,sungairaya,20.0,ID,1553315273.0,63.0,0.7,108.9,87.53,3.51
53,53,tomatlan,0.0,MX,1553315274.0,82.0,19.93,-105.25,68.27,2.95
54,54,barrow,0.0,AR,1553315151.0,65.0,-38.31,-60.23,60.98,12.57
55,55,necochea,0.0,AR,1553315166.0,71.0,-38.55,-58.74,59.0,3.0
56,56,puerto ayora,0.0,EC,1553314516.0,92.0,-0.74,-90.35,79.0,10.45
57,57,saryshagan,,,,,,,,
58,58,westport,56.0,IE,1553314925.0,79.0,53.8,-9.52,45.0,3.0
59,59,canavieiras,76.0,BR,1553315275.0,94.0,-15.68,-38.95,78.08,5.97
60,60,taolanaro,,,,,,,,
61,61,vaini,0.0,IN,1553313600.0,21.0,15.34,74.49,84.2,6.93
62,62,jamestown,100.0,AU,1553315175.0,67.0,-33.21,138.6,73.22,12.91
63,63,half moon bay,90.0,US,1553315268.0,87.0,37.46,-122.43,55.99,6.93
64,64,illoqqortoormiut,,,,,,,,
65,65,hasaki,75.0,JP,1553314488.0,93.0,35.73,140.83,41.0,3.36
66,66,goure,8.0,NE,1553315276.0,29.0,13.98,10.27,72.5,10.89
67,67,ushuaia,90.0,AR,1553310000.0,93.0,-54.81,-68.31,46.4,6.93
68,68,thompson,20.0,CA,1553313600.0,64.0,55.74,-97.86,35.6,5.82
69,69,lai,0.0,CN,1553315277.0,70.0,27.82,91.75,38.93,1.61
70,70,isiro,0.0,CD,1553315277.0,87.0,2.77,27.62,70.07,2.06
71,71,palabuhanratu,,,,,,,,
72,72,upernavik,20.0,GL,1553315216.0,100.0,72.79,-56.15,-13.91,6.64
73,73,olafsvik,,,,,,,,
74,74,east london,0.0,ZA,1553313600.0,83.0,-33.02,27.91,69.8,10.29
75,75,nanortalik,48.0,GL,1553315278.0,96.0,60.14,-45.24,31.82,29.46
76,76,komsomolskiy,88.0,RU,1553315278.0,82.0,67.55,63.78,18.59,2.95
77,77,chupei,,,,,,,,
78,78,lewiston,20.0,US,1553314964.0,87.0,46.42,-117.02,51.8,1.95
79,79,luderitz,0.0,,1553315279.0,92.0,-26.65,15.16,57.11,7.87
80,80,mayo,20.0,CA,1553313600.0,43.0,63.59,-135.9,50.0,6.93
81,81,imeni babushkina,64.0,RU,1553315279.0,91.0,59.76,43.13,25.07,2.95
82,82,katherine,36.0,AU,1553313600.0,59.0,-14.47,132.26,91.4,12.75
83,83,kaitangata,24.0,NZ,1553315279.0,83.0,-46.28,169.85,64.85,8.99
84,84,hobart,75.0,AU,1553315114.0,77.0,-42.88,147.33,68.0,9.17
85,85,paamiut,8.0,GL,1553315280.0,100.0,61.99,-49.67,19.85,23.87
86,86,miri,56.0,NG,1553315280.0,57.0,10.31,9.75,72.86,4.63
87,87,borba,0.0,PT,1553315280.0,66.0,38.81,-7.46,43.97,7.99
88,88,esperance,75.0,TT,1553315106.0,88.0,10.24,-61.45,78.01,6.93
89,89,chuy,36.0,UY,1553315158.0,89.0,-33.69,-53.46,62.15,7.09
90,90,ndola,12.0,ZM,1553315281.0,79.0,-12.97,28.64,64.13,8.99
91,91,muncar,80.0,ID,1553315281.0,100.0,-8.43,114.34,78.8,3.18
92,92,port alfred,68.0,ZA,1553315144.0,95.0,-33.59,26.89,64.99,12.46
93,93,san rafael,0.0,AR,1553315282.0,68.0,-34.61,-68.33,51.53,4.52
94,94,severo-kurilsk,88.0,RU,1553315154.0,95.0,50.68,156.12,32.18,9.33
95,95,pisco,0.0,PE,1553313600.0,83.0,-13.71,-76.2,69.8,4.7
96,96,broome,24.0,GB,1553315175.0,93.0,52.47,1.45,48.2,5.82
97,97,verkhoyansk,32.0,RU,1553315283.0,58.0,67.55,133.39,4.28,3.74
98,98,calderitas,0.0,MX,1553315283.0,93.0,18.55,-88.26,78.44,11.23
99,99,apastovo,90.0,RU,1553311800.0,100.0,55.2,48.51,30.2,8.95
100,100,sakaiminato,90.0,JP,1553310000.0,75.0,35.55,133.23,41.0,8.05
101,101,calatayud,0.0,ES,1553314570.0,73.0,41.35,-1.64,42.8,3.36
102,102,san cristobal,40.0,EC,1553314577.0,93.0,-0.39,-78.55,53.6,2.24
103,103,bambous virieux,75.0,MU,1553315040.0,83.0,-20.34,57.76,82.4,10.29
104,104,san patricio,0.0,PY,1553315284.0,83.0,-26.98,-56.83,61.25,2.73
105,105,dikson,64.0,RU,1553315285.0,100.0,73.51,80.55,1.04,19.06
106,106,belushya guba,,,,,,,,
107,107,bacuit,,,,,,,,
108,108,nago,0.0,IT,1553315283.0,65.0,45.88,10.89,48.0,4.7
109,109,chagoda,88.0,RU,1553315285.0,94.0,59.16,35.33,32.81,5.53
110,110,lorengau,44.0,PG,1553314992.0,97.0,-2.02,147.27,83.48,10.0
111,111,viligili,,,,,,,,
112,112,amol,0.0,IR,1553315286.0,100.0,36.47,52.35,42.35,0.72
113,113,manzil jamil,,,,,,,,
114,114,willowmore,48.0,ZA,1553315286.0,87.0,-33.3,23.49,46.67,2.39
115,115,jalu,0.0,LY,1553315247.0,89.0,29.03,21.55,57.11,5.41
116,116,kondinskoye,88.0,RU,1553315286.0,96.0,59.65,67.41,29.03,5.41
117,117,bela,8.0,PK,1553315265.0,34.0,26.23,66.31,62.42,2.28
118,118,cabo san lucas,0.0,MX,1553315126.0,74.0,22.89,-109.91,69.01,5.41
119,119,vaitupu,,,,,,,,
120,120,codrington,0.0,AU,1553315221.0,44.0,-28.95,153.24,93.2,10.29
121,121,srednekolymsk,8.0,RU,1553315183.0,63.0,67.46,153.71,17.33,4.52
122,122,tenerife,12.0,CO,1553315288.0,87.0,9.9,-74.86,76.91,13.02
123,123,port moresby,90.0,PG,1553313600.0,78.0,-9.47,147.16,82.4,25.28
124,124,correntina,92.0,BR,1553315288.0,98.0,-13.34,-44.63,68.18,3.29
125,125,koungou,,,,,,,,
126,126,bandarbeyla,56.0,SO,1553315288.0,100.0,9.49,50.81,77.9,7.31
127,127,boende,8.0,CD,1553315254.0,97.0,-0.28,20.88,71.78,2.39
128,128,vardo,75.0,US,1553315276.0,51.0,39.62,-77.74,39.2,19.46
129,129,nizhneyansk,,,,,,,,
130,130,sitka,88.0,US,1553314531.0,97.0,37.17,-99.65,45.0,13.0
131,131,taoudenni,44.0,ML,1553315255.0,21.0,22.68,-3.98,68.72,11.68
132,132,kodiak,1.0,US,1553315000.0,21.0,39.95,-94.76,53.01,9.17
133,133,new norfolk,75.0,AU,1553315174.0,77.0,-42.78,147.06,68.0,9.17
134,134,dingle,12.0,PH,1553315163.0,54.0,11.0,122.67,86.72,10.45
135,135,hobyo,88.0,SO,1553315242.0,88.0,5.35,48.53,78.89,12.01
136,136,karlstad,92.0,SE,1553314426.0,100.0,59.38,13.5,42.8,14.99
137,137,lebu,0.0,ET,1553315290.0,78.0,8.96,38.73,45.5,4.07
138,138,mar del plata,88.0,AR,1553315193.0,70.0,-46.43,-67.52,60.44,14.36
139,139,saleaula,,,,,,,,
140,140,uige,92.0,AO,1553315291.0,99.0,-7.61,15.06,67.73,1.61
141,141,aranos,48.0,,1553315291.0,29.0,-24.14,19.11,70.43,7.31
142,142,roald,48.0,NO,1553315104.0,93.0,62.58,6.12,41.0,35.57
143,143,galiwinku,,,,,,,,
144,144,kenai,90.0,US,1553315247.0,56.0,60.55,-151.26,44.6,11.41
145,145,auki,20.0,NG,1553315292.0,65.0,12.18,6.51,68.09,2.73
146,146,amasya,0.0,TR,1553313000.0,92.0,40.65,35.83,27.0,2.17
147,147,yellowknife,90.0,CA,1553315102.0,73.0,62.45,-114.38,23.0,13.87
148,148,nawabganj,0.0,IN,1553315292.0,32.0,26.86,82.14,73.04,11.45
149,149,port hedland,75.0,AU,1553313780.0,74.0,-20.31,118.58,86.0,21.92
150,150,filadelfia,100.0,PY,1553315293.0,76.0,-22.35,-60.04,75.2,6.31
151,151,la primavera,0.0,AR,1553313600.0,63.0,-32.92,-68.67,62.6,3.36
152,152,ladushkin,0.0,RU,1553311800.0,64.0,54.57,20.17,33.8,11.18
153,153,shache,8.0,CN,1553315088.0,73.0,38.42,77.24,37.99,1.01
154,154,moree,0.0,AU,1553314635.0,26.0,-29.46,149.84,96.8,11.41
155,155,catamarca,,,,,,,,
156,156,ankazoabo,0.0,MG,1553315294.0,84.0,-22.29,44.51,69.98,6.53
157,157,sawtell,0.0,AU,1553315007.0,66.0,-30.38,153.1,89.6,10.29
158,158,porto novo,75.0,BR,1553313600.0,100.0,-23.68,-45.44,64.4,3.36
159,159,barsovo,90.0,RU,1553311800.0,100.0,61.17,73.17,26.6,4.47
160,160,coihaique,0.0,CL,1553313600.0,87.0,-45.58,-72.07,51.8,3.36
161,161,charters towers,88.0,AU,1553315295.0,82.0,-20.07,146.27,79.79,11.68
162,162,bella union,48.0,CO,1553315295.0,94.0,8.5,-73.35,65.48,1.83
163,163,vostok,56.0,RU,1553315290.0,43.0,46.45,135.83,21.02,4.74
164,164,altayskoye,0.0,RU,1553315296.0,69.0,51.95,85.34,26.33,2.62
165,165,maniitsoq,0.0,GL,1553315296.0,100.0,65.42,-52.9,-12.02,8.99
166,166,lata,20.0,IN,1553315160.0,55.0,30.78,78.62,45.05,2.17
167,167,grao mogol,,,,,,,,
168,168,mahebourg,75.0,MU,1553315040.0,83.0,-20.41,57.7,82.4,10.29
169,169,ibra,44.0,OM,1553315297.0,98.0,22.69,58.55,60.62,2.28
170,170,kahului,40.0,US,1553315028.0,57.0,20.89,-156.47,78.8,19.46
171,171,torbay,90.0,CA,1553315014.0,93.0,47.66,-52.73,37.99,28.86
172,172,marrakesh,0.0,MA,1553313600.0,46.0,31.63,-7.99,53.6,3.36
173,173,yaounde,40.0,CM,1553313600.0,100.0,3.87,11.52,66.2,2.24
174,174,misratah,48.0,LY,1553315297.0,100.0,32.38,15.09,56.57,11.79
175,175,faya,0.0,SA,1553310000.0,51.0,18.39,42.45,60.8,6.93
176,176,georgetown,0.0,GY,1553313600.0,88.0,6.8,-58.16,73.4,4.7
177,177,atar,76.0,MR,1553315298.0,55.0,20.52,-13.05,73.22,15.14
178,178,marsa matruh,40.0,EG,1553313600.0,87.0,31.35,27.25,60.8,9.17
179,179,kavieng,8.0,PG,1553315298.0,100.0,-2.57,150.8,82.4,7.87
180,180,kisangani,76.0,CD,1553315299.0,100.0,0.52,25.21,71.33,2.39
181,181,te anau,24.0,NZ,1553315154.0,48.0,-45.41,167.72,71.51,3.62
182,182,tautira,20.0,PF,1553314986.0,70.0,-17.73,-149.15,86.0,10.29
183,183,quatre cocos,75.0,MU,1553315040.0,83.0,-20.21,57.76,82.4,10.29
184,184,ninotsminda,20.0,GE,1553311800.0,79.0,41.27,43.59,19.4,2.24
185,185,berdigestyakh,76.0,RU,1553315058.0,73.0,62.1,126.7,14.81,5.86
186,186,ribeira grande,92.0,PT,1553315196.0,99.0,38.52,-28.7,60.8,12.68
187,187,ust-maya,0.0,RU,1553315205.0,51.0,60.42,134.54,7.52,3.74
188,188,caraballeda,40.0,VE,1553314534.0,88.0,10.61,-66.85,78.8,10.56
189,189,zhangjiakou,0.0,CN,1553315300.0,71.0,40.77,114.88,29.48,6.08
190,190,hithadhoo,48.0,MV,1553315301.0,98.0,-0.6,73.08,86.09,5.3
191,191,muscle shoals,1.0,US,1553315284.0,81.0,34.75,-87.67,52.0,7.43
192,192,viedma,12.0,AR,1553315301.0,61.0,-40.81,-62.99,58.19,6.53
193,193,salalah,40.0,OM,1553309400.0,74.0,17.01,54.1,78.8,10.29
194,194,tubruq,,,,,,,,
195,195,shingu,20.0,JP,1553310000.0,100.0,33.72,135.99,51.8,12.75
196,196,letterkenny,48.0,IE,1553315302.0,88.0,54.95,-7.73,45.86,22.08
197,197,leningradskiy,0.0,RU,1553315184.0,86.0,69.38,178.42,-9.77,5.41
198,198,dingli,40.0,MT,1553315124.0,87.0,35.86,14.38,57.2,10.29
199,199,chokurdakh,0.0,RU,1553315203.0,85.0,70.62,147.9,-2.75,8.99
200,200,borger,8.0,NL,1553315296.0,93.0,52.92,6.79,45.0,4.7
201,201,korla,,,,,,,,
202,202,batsfjord,80.0,NO,1553315303.0,100.0,70.63,29.72,33.26,28.34
203,203,poum,40.0,MK,1553313600.0,51.0,41.28,20.71,39.2,3.36
204,204,hokota,75.0,JP,1553314488.0,93.0,36.26,140.53,41.0,3.36
205,205,havre-saint-pierre,90.0,CA,1553314320.0,94.0,50.23,-63.6,33.8,19.46
206,206,san juan,0.0,AR,1553315255.0,68.0,-31.54,-68.53,55.67,0.94
207,207,antofagasta,0.0,CL,1553313600.0,82.0,-23.65,-70.4,62.6,2.24
208,208,daru,80.0,SL,1553315305.0,82.0,7.99,-10.85,75.65,2.95
209,209,asau,,,,,,,,
210,210,ambulu,20.0,ID,1553315306.0,100.0,-8.35,113.61,82.76,2.17
211,211,hay river,40.0,CA,1553313600.0,86.0,60.82,-115.79,26.6,8.05
212,212,baneh,0.0,IR,1553310000.0,100.0,35.99,45.88,35.6,3.36
213,213,acapulco,5.0,MX,1553309520.0,78.0,16.86,-99.88,80.6,6.93
214,214,grindavik,40.0,IS,1553314598.0,100.0,63.84,-22.43,33.01,31.09
215,215,curanilahue,48.0,CL,1553315306.0,89.0,-37.48,-73.35,52.07,5.75
216,216,gurgan,,,,,,,,
217,217,college,75.0,US,1553315115.0,48.0,64.86,-147.8,50.0,5.82
218,218,la paz,0.0,MX,1553315289.0,67.0,24.15,-110.32,63.95,7.65
219,219,dolores,0.0,AR,1553315307.0,88.0,-36.31,-57.68,53.6,8.99
220,220,warmbad,0.0,DE,1553315233.0,100.0,50.67,13.08,48.0,3.36
221,221,faanui,56.0,PF,1553315178.0,100.0,-16.48,-151.75,85.1,6.98
222,222,naze,40.0,NG,1553313600.0,94.0,5.43,7.07,75.2,6.53
223,223,samusu,,,,,,,,
224,224,maryanovka,,,,,,,,
225,225,mergui,,,,,,,,
226,226,vila franca do campo,75.0,PT,1553315273.0,87.0,37.72,-25.43,59.0,10.29
227,227,louisbourg,,,,,,,,
228,228,anadyr,24.0,RU,1553314991.0,76.0,64.73,177.51,-5.01,22.37
229,229,tupsan,0.0,PH,1553315309.0,70.0,9.2,124.78,83.03,6.53
230,230,sabang,48.0,PH,1553315309.0,77.0,13.72,123.58,82.58,8.99
231,231,nelson bay,0.0,AU,1553315080.0,45.0,-32.72,152.14,86.0,6.93
232,232,camacha,40.0,PT,1553311800.0,67.0,33.08,-16.33,60.8,9.17
233,233,sibiti,92.0,CG,1553315310.0,98.0,-3.69,13.35,72.5,3.85
234,234,sentyabrskiy,,,,,,,,
235,235,sangar,68.0,RU,1553315310.0,60.0,63.92,127.47,6.98,13.35
236,236,saskylakh,36.0,RU,1553315160.0,85.0,71.97,114.09,-2.93,17.05
237,237,sanming,92.0,CN,1553315310.0,100.0,26.24,117.6,57.47,1.72
238,238,ferrol,0.0,ES,1553315277.0,93.0,43.48,-8.23,48.99,4.7
239,239,ambilobe,32.0,MG,1553315161.0,93.0,-13.19,49.05,72.14,3.06
240,240,oranjemund,0.0,ZA,1553315311.0,93.0,-28.55,16.43,61.7,3.06
241,241,penzance,92.0,GB,1553315112.0,93.0,50.12,-5.53,51.01,12.75
242,242,diu,0.0,IN,1553315311.0,48.0,20.71,70.98,74.93,6.53
243,243,high level,20.0,CA,1553313600.0,56.0,58.52,-117.13,44.6,5.82
244,244,bambanglipuro,48.0,ID,1553315312.0,95.0,-7.95,110.28,82.4,4.97
245,245,ancud,90.0,CL,1553313600.0,100.0,-41.87,-73.83,55.4,6.93
246,246,carnarvon,56.0,ZA,1553315312.0,67.0,-30.97,22.13,49.46,3.51
247,247,gamba,0.0,CN,1553315313.0,88.0,28.28,88.52,10.13,3.85
248,248,simao,0.0,CN,1553315313.0,41.0,22.76,100.79,76.1,2.95
249,249,baykit,76.0,RU,1553315313.0,80.0,61.68,96.39,25.07,10.67
250,250,levelland,75.0,US,1553315266.0,71.0,33.59,-102.38,57.99,14.99
251,251,victoria,75.0,BN,1553311800.0,66.0,5.28,115.24,89.6,4.7
252,252,huilong,92.0,CN,1553315314.0,94.0,28.89,110.18,44.15,4.74
253,253,lavrentiya,92.0,RU,1553315315.0,100.0,65.58,-170.99,15.8,19.06
254,254,marzuq,0.0,YE,1553315315.0,72.0,14.4,46.47,45.05,2.39
255,255,quchan,24.0,IR,1553315103.0,74.0,37.11,58.51,20.75,3.06
256,256,alotau,,,,,,,,
257,257,nishihara,75.0,JP,1553315131.0,70.0,35.74,139.53,48.0,9.17
258,258,coquimbo,90.0,CL,1553313600.0,87.0,-29.95,-71.34,57.2,3.36
259,259,iqaluit,90.0,CA,1553314966.0,75.0,63.75,-68.52,-20.01,3.36
260,260,barentsburg,,,,,,,,
261,261,raton,1.0,US,1553315104.0,51.0,36.9,-104.44,39.0,11.41
262,262,teguldet,92.0,RU,1553315316.0,84.0,57.31,88.17,29.39,2.62
263,263,finschhafen,12.0,PG,1553315316.0,81.0,-6.6,147.85,81.05,2.84
264,264,touros,40.0,BR,1553313600.0,94.0,-5.2,-35.46,78.8,4.7
265,265,kuala terengganu,75.0,MY,1553310000.0,66.0,5.33,103.14,89.6,4.7
266,266,jinchang,8.0,CN,1553315317.0,87.0,38.52,102.19,32.9,3.29
267,267,nikolskoye,0.0,RU,1553315135.0,79.0,59.7,30.79,30.0,4.47
268,268,krasnoselkup,,,,,,,,
269,269,adre,0.0,TD,1553315318.0,58.0,13.47,22.2,63.05,2.73
270,270,flinders,40.0,AU,1553315230.0,65.0,-34.58,150.85,81.0,9.17
271,271,diamantino,32.0,BR,1553315318.0,90.0,-14.4,-56.44,72.59,3.4
272,272,talnakh,0.0,RU,1553315318.0,66.0,69.49,88.39,-0.86,3.74
273,273,grand river south east,,,,,,,,
274,274,sinnamary,92.0,GF,1553315319.0,94.0,5.38,-52.96,79.88,13.69
275,275,moyamba,36.0,SL,1553315319.0,79.0,8.16,-12.43,78.08,4.18
276,276,tuatapere,48.0,NZ,1553315319.0,70.0,-46.13,167.69,67.28,4.52
277,277,antigonish,90.0,CA,1553315244.0,100.0,45.62,-61.99,45.0,9.17
278,278,tabiauea,,,,,,,,
279,279,mount gambier,75.0,AU,1553310000.0,56.0,-37.83,140.78,71.6,18.34
280,280,cayenne,90.0,GF,1553313600.0,83.0,4.94,-52.33,78.8,8.05
281,281,attawapiskat,,,,,,,,
282,282,usogorsk,80.0,RU,1553315320.0,87.0,63.43,48.71,28.67,2.51
283,283,kirakira,8.0,SB,1553315320.0,100.0,-10.46,161.92,85.1,6.42
284,284,saldanha,0.0,PT,1553315190.0,81.0,41.42,-6.55,30.92,2.73
285,285,la ronge,5.0,CA,1553313600.0,80.0,55.1,-105.3,33.8,2.24
286,286,monrovia,40.0,LR,1553313600.0,94.0,6.33,-10.8,75.2,4.29
287,287,constitucion,20.0,MX,1553309640.0,25.0,23.99,-104.67,62.6,17.22
288,288,ponta do sol,92.0,BR,1553315321.0,94.0,-20.63,-46.0,64.58,10.45
289,289,carbonia,0.0,IT,1553314800.0,87.0,39.17,8.53,53.01,6.93
290,290,ayagoz,8.0,KZ,1553315322.0,82.0,47.96,80.43,23.0,3.29
291,291,brookside,75.0,US,1553315317.0,74.0,40.07,-80.76,35.01,11.41
292,292,mogadishu,0.0,SO,1553315322.0,99.0,2.04,45.34,81.95,20.18
293,293,yashkul,88.0,RU,1553315323.0,71.0,46.17,45.34,36.32,11.45
294,294,saint-augustin,0.0,FR,1553315228.0,86.0,44.83,-0.61,43.0,2.62
295,295,mys shmidta,,,,,,,,
296,296,dunedin,48.0,NZ,1553315008.0,79.0,-45.87,170.5,62.01,8.99
297,297,zomin,92.0,UZ,1553315323.0,99.0,39.96,68.4,51.08,5.97
298,298,khao yoi,0.0,TH,1553310000.0,41.0,13.24,99.82,91.4,4.7
299,299,nicoya,0.0,CR,1553313600.0,32.0,10.15,-85.45,82.4,17.22
300,300,guerrero negro,0.0,MX,1553315324.0,75.0,27.97,-114.04,59.63,13.35
301,301,tumannyy,,,,,,,,
302,302,zhanaozen,56.0,KZ,1553315324.0,89.0,43.35,52.85,35.33,2.95
303,303,linguere,,,,,,,,
304,304,klaksvik,48.0,FO,1553313000.0,47.0,62.23,-6.59,37.4,46.08
305,305,christchurch,0.0,NZ,1553315071.0,68.0,-43.53,172.64,73.0,11.41
306,306,muroto,75.0,JP,1553310000.0,37.0,33.37,134.14,55.4,10.29
307,307,san quintin,0.0,PH,1553315226.0,49.0,17.54,120.52,85.28,3.74
308,308,warqla,,,,,,,,
309,309,truth or consequences,1.0,US,1553314618.0,17.0,33.13,-107.25,55.99,11.41
310,310,okandja,,,,,,,,
311,311,cherskiy,0.0,RU,1553315326.0,68.0,68.75,161.3,7.43,2.95
312,312,egvekinot,64.0,RU,1553315202.0,77.0,66.32,-179.17,3.65,14.25
313,313,kaeo,92.0,NZ,1553314085.0,69.0,-35.1,173.78,72.0,7.0
314,314,saint paul,1.0,US,1553315155.0,75.0,44.95,-93.1,36.0,3.18
315,315,trat,20.0,TH,1553315282.0,63.0,12.25,102.51,96.01,3.36
316,316,beringovskiy,76.0,RU,1553315327.0,90.0,63.05,179.32,7.43,29.01
317,317,desaguadero,0.0,PE,1553315327.0,91.0,-16.56,-69.04,38.3,3.4
318,318,arman,88.0,RU,1553315327.0,77.0,59.7,150.17,23.9,11.9
319,319,palana,0.0,RU,1553315328.0,61.0,59.08,159.95,28.85,12.46
320,320,abu samrah,36.0,SY,1553315333.0,89.0,35.3,37.18,48.92,4.74
321,321,makakilo city,1.0,US,1553315003.0,53.0,21.35,-158.09,78.8,8.05
322,322,buariki,,,,,,,,
323,323,buala,36.0,SB,1553315334.0,91.0,-8.15,159.59,84.29,3.85
324,324,tura,36.0,IN,1553315295.0,81.0,25.52,90.21,69.08,4.29
325,325,kashi,,,,,,,,
326,326,margate,75.0,AU,1553315294.0,77.0,-43.03,147.26,68.0,9.17
327,327,praya,75.0,ID,1553313600.0,70.0,-8.71,116.27,89.6,12.75
328,328,verkh-usugli,20.0,RU,1553315334.0,50.0,52.7,115.17,23.54,5.41
329,329,port lincoln,88.0,AU,1553315335.0,81.0,-34.72,135.86,71.51,8.21
330,330,tiksi,12.0,RU,1553315199.0,70.0,71.64,128.87,12.74,4.41
331,331,papara,75.0,BR,1553315297.0,83.0,-3.98,-38.73,81.0,5.82
332,332,murshidabad,0.0,IN,1553315335.0,51.0,24.17,88.27,80.78,4.63
333,333,lodja,56.0,CD,1553315335.0,98.0,-3.52,23.6,69.62,2.95
334,334,sao filipe,44.0,CV,1553315222.0,100.0,14.9,-24.5,69.35,14.14
335,335,elizabeth city,1.0,US,1553315013.0,52.0,36.3,-76.22,48.2,12.75
336,336,clyde river,75.0,CA,1553313600.0,75.0,70.47,-68.59,-18.41,12.75
337,337,taksimo,64.0,RU,1553315336.0,66.0,56.36,114.84,16.7,2.73
338,338,slantsy,20.0,RU,1553315336.0,73.0,59.12,28.09,19.31,4.63
339,339,cockburn town,32.0,TC,1553315126.0,100.0,21.46,-71.14,78.26,6.08
340,340,buenos aires,0.0,AR,1553315298.0,68.0,-34.61,-58.44,66.2,8.05
341,341,dudinka,32.0,RU,1553315337.0,77.0,69.41,86.18,-0.68,4.63
342,342,provideniya,92.0,RU,1553315338.0,100.0,64.42,-173.23,15.62,13.02
343,343,longyearbyen,75.0,NO,1553313000.0,79.0,78.22,15.63,21.2,3.36
344,344,sao jose da coroa grande,8.0,BR,1553315338.0,94.0,-8.9,-35.15,77.9,7.54
345,345,virginia beach,1.0,US,1553315313.0,49.0,36.85,-75.98,46.99,10.29
346,346,vondrozo,92.0,MG,1553315339.0,99.0,-22.82,47.32,69.8,5.19
347,347,karaul,,,,,,,,
348,348,hualmay,0.0,PE,1553315339.0,91.0,-11.1,-77.61,67.28,4.29
349,349,santa rosalia,0.0,IT,1553315299.0,81.0,38.07,13.27,55.99,1.12
350,350,caravelas,100.0,BR,1553315339.0,100.0,-17.73,-39.27,79.43,20.29
351,351,aklavik,90.0,CA,1553313600.0,66.0,68.22,-135.01,15.8,10.29
352,352,kralendijk,68.0,BQ,1553313300.0,78.0,12.15,-68.27,78.8,14.99
353,353,solnechnyy,0.0,RU,1553315340.0,62.0,50.72,136.64,18.95,3.74
354,354,khandyga,0.0,RU,1553315152.0,51.0,62.65,135.58,4.55,3.4
355,355,hameenlinna,90.0,FI,1553315039.0,74.0,61.0,24.46,39.0,16.11
356,356,hofn,44.0,IS,1553315341.0,100.0,64.25,-15.21,36.68,25.43
357,357,bam,12.0,IR,1553315341.0,77.0,29.11,58.36,41.18,2.95
358,358,mbini,88.0,GQ,1553315341.0,100.0,1.58,9.62,74.57,4.41
359,359,banda aceh,12.0,ID,1553315341.0,70.0,5.56,95.32,85.91,2.73
360,360,sumbe,48.0,AO,1553315341.0,100.0,-11.2,13.84,79.79,2.73
361,361,linfen,20.0,CN,1553315342.0,49.0,36.09,111.52,45.77,2.95
362,362,balsas,92.0,BR,1553315342.0,95.0,-7.53,-46.04,72.5,3.18
363,363,dapaong,48.0,TG,1553315342.0,69.0,10.86,0.2,76.55,6.64
364,364,kapuskasing,5.0,CA,1553313600.0,77.0,49.42,-82.43,3.2,3.36
365,365,axim,24.0,GH,1553315346.0,97.0,4.87,-2.24,83.21,9.66
366,366,sabha,8.0,LY,1553315202.0,45.0,27.03,14.43,51.35,6.64
367,367,akhisar,0.0,TR,1553309400.0,81.0,38.92,27.84,32.0,5.82
368,368,pakaur,0.0,IN,1553315283.0,58.0,24.64,87.92,79.7,4.18
369,369,strelka,44.0,RU,1553315093.0,85.0,58.08,93.03,26.42,3.29
370,370,serebryansk,0.0,KZ,1553315346.0,70.0,49.68,83.3,29.39,2.28
371,371,jumla,0.0,NP,1553315347.0,71.0,29.28,82.18,29.75,1.95
372,372,vestmannaeyjar,0.0,IS,1553315190.0,92.0,63.44,-20.27,36.95,30.91
373,373,valle de allende,0.0,MX,1553315347.0,16.0,26.94,-105.39,60.08,11.79
374,374,qasigiannguit,0.0,GL,1553313000.0,57.0,68.82,-51.19,-11.21,4.7
375,375,fallon,1.0,US,1553313360.0,86.0,46.84,-105.12,37.4,6.93
376,376,bani,0.0,PH,1553315348.0,64.0,15.89,120.27,85.55,2.28
377,377,mpwapwa,20.0,TZ,1553315348.0,94.0,-6.35,36.49,59.81,2.39
378,378,hudson,90.0,US,1553315323.0,75.0,40.07,-104.64,42.8,17.72
379,379,maldonado,20.0,UY,1553313600.0,93.0,-34.91,-54.96,59.0,2.24
380,380,bengkulu,,,,,,,,
381,381,kloulklubed,75.0,PW,1553313000.0,66.0,7.04,134.26,86.0,10.29
382,382,presidencia roque saenz pena,0.0,AR,1553315349.0,64.0,-26.79,-60.44,64.31,7.99
383,383,rawannawi,,,,,,,,
384,384,merauke,12.0,ID,1553315349.0,91.0,-8.49,140.4,86.09,9.78
385,385,kedrovyy,0.0,RU,1553311800.0,47.0,56.17,91.82,37.4,4.47
386,386,ilulissat,0.0,GL,1553313000.0,57.0,69.22,-51.1,-11.21,4.7
387,387,constanta,0.0,RO,1553313600.0,81.0,44.18,28.65,43.0,9.17
388,388,sekoma,0.0,BW,1553315350.0,35.0,-24.51,23.93,64.85,14.25
389,389,baykalsk,8.0,RU,1553315350.0,74.0,51.52,104.15,35.6,5.75
390,390,nieuw nickerie,100.0,SR,1553315351.0,100.0,5.94,-56.99,78.08,12.8
391,391,myitkyina,0.0,MM,1553315351.0,83.0,25.38,97.4,70.97,2.95
392,392,sobolevo,88.0,RU,1553315351.0,74.0,54.43,31.9,32.63,19.95
393,393,athieme,,,,,,,,
394,394,iquitos,75.0,PE,1553313600.0,94.0,-3.75,-73.25,75.2,3.36
395,395,narsaq,44.0,GL,1553313000.0,79.0,60.91,-46.05,26.6,16.11
396,396,toguchin,68.0,RU,1553315352.0,93.0,55.24,84.4,22.55,5.97
397,397,isiolo,20.0,KE,1553315352.0,77.0,0.35,37.58,66.38,3.85
398,398,brae,88.0,GB,1553314800.0,80.0,60.4,-1.35,41.0,34.45
399,399,udachnyy,44.0,RU,1553315352.0,56.0,66.42,112.4,1.58,7.99
400,400,khatanga,12.0,RU,1553315353.0,79.0,71.98,102.47,-12.56,9.66
401,401,kendari,20.0,ID,1553315353.0,88.0,-3.99,122.52,85.64,3.74
402,402,balakhta,24.0,RU,1553315353.0,72.0,55.38,91.62,32.63,3.29
403,403,balgazyn,0.0,RU,1553315353.0,70.0,51.0,95.2,29.03,3.51
404,404,port blair,20.0,IN,1553313600.0,55.0,11.67,92.75,87.8,4.7
405,405,hovd,20.0,NO,1553315117.0,87.0,63.83,10.7,41.0,31.09
406,406,avera,1.0,US,1553315351.0,43.0,33.19,-82.53,60.8,8.43
407,407,ulladulla,40.0,AU,1553314619.0,65.0,-35.36,150.48,78.8,9.17
408,408,mananjary,0.0,MG,1553315354.0,96.0,-19.16,46.8,60.44,2.95
409,409,pandan,8.0,PH,1553315355.0,96.0,11.72,122.09,80.96,14.25
410,410,manoel urbano,76.0,BR,1553315355.0,94.0,-8.84,-69.26,74.3,1.83
411,411,tazovskiy,80.0,RU,1553315355.0,92.0,67.47,78.7,21.92,9.55
412,412,wampusirpi,,,,,,,,
413,413,namatanai,24.0,PG,1553315355.0,100.0,-3.66,152.44,83.03,0.6
414,414,saint anthony,90.0,US,1553315313.0,86.0,43.97,-111.68,39.2,3.85
415,415,vao,48.0,EE,1553315213.0,83.0,59.1,26.19,25.61,8.32
416,416,labutta,,,,,,,,
417,417,ossora,80.0,RU,1553315356.0,96.0,59.24,163.07,26.15,15.48
418,418,klyuchi,0.0,RU,1553315356.0,84.0,52.25,79.17,28.67,3.74
419,419,awjilah,0.0,LY,1553315357.0,66.0,29.14,21.3,63.05,7.65
420,420,soure,0.0,PT,1553314951.0,87.0,40.06,-8.63,57.0,3.36
421,421,tubuala,20.0,PA,1553315239.0,69.0,9.52,-79.03,82.0,5.82
422,422,sisimiut,0.0,GL,1553315357.0,61.0,66.94,-53.67,-34.88,2.73
423,423,punta alta,0.0,AR,1553310000.0,72.0,-27.46,-55.82,68.0,3.36
424,424,byron bay,0.0,AU,1553315221.0,66.0,-28.65,153.62,93.99,16.11
425,425,mairana,88.0,BO,1553315358.0,95.0,-18.12,-63.96,58.28,2.39
426,426,zmievka,,,,,,,,
427,427,shahrud,8.0,IR,1553315077.0,67.0,36.42,54.97,13.73,2.73
428,428,kieta,56.0,PG,1553315358.0,94.0,-6.22,155.63,83.21,3.96
429,429,moerai,88.0,PF,1553315359.0,99.0,-22.43,-151.33,79.7,13.02
430,430,sabaudia,0.0,IT,1553315343.0,66.0,41.3,13.03,55.0,5.82
431,431,bronnoysund,88.0,NO,1553315101.0,80.0,65.46,12.2,39.2,33.33
432,432,svarstad,8.0,NO,1553315346.0,100.0,59.4,9.97,43.0,12.75
433,433,bondo,80.0,CD,1553315360.0,86.0,3.81,23.69,76.28,2.39
434,434,natal,20.0,BR,1553313600.0,94.0,-5.81,-35.21,78.8,3.36
435,435,cairns,75.0,AU,1553315118.0,74.0,-16.92,145.77,86.0,10.29
436,436,hami,0.0,CN,1553315360.0,53.0,42.84,93.51,43.7,5.19
437,437,ahumada,,,,,,,,
438,438,berlevag,68.0,NO,1553315361.0,100.0,70.86,29.09,31.37,21.74
439,439,eldoret,0.0,KE,1553315280.0,93.0,0.52,35.27,48.92,3.4
440,440,havelock,1.0,US,1553315252.0,37.0,34.88,-76.9,55.4,25.28
441,441,eskil,0.0,TR,1553315361.0,78.0,38.4,33.41,32.72,2.28
442,442,vila,0.0,IT,1553315351.0,69.0,45.18,8.4,51.01,8.05
443,443,stephenville,1.0,US,1553315226.0,42.0,32.22,-98.2,68.0,16.11
444,444,kirundo,8.0,BI,1553315362.0,88.0,-2.59,30.09,58.64,2.73
445,445,aripuana,20.0,BR,1553315362.0,94.0,-9.17,-60.63,77.0,2.06
446,446,saint-denis,90.0,FR,1553315305.0,93.0,48.94,2.36,44.01,5.82
447,447,ise,75.0,JP,1553315047.0,45.0,34.5,136.72,54.0,17.22
448,448,maragheh,40.0,IR,1553310000.0,69.0,37.39,46.24,37.4,6.93
449,449,haines junction,24.0,CA,1553315363.0,60.0,60.75,-137.51,40.37,2.06
450,450,lewistown,1.0,US,1553315215.0,70.0,40.39,-90.15,39.2,6.87
451,451,visnes,76.0,NO,1553315103.0,70.0,59.36,5.22,43.0,25.28
452,452,palanga,0.0,RO,1553315131.0,24.0,44.45,25.08,48.0,2.17
453,453,umm kaddadah,0.0,SD,1553315364.0,23.0,13.6,26.69,65.12,5.3
454,454,ostrovnoy,64.0,RU,1553315364.0,83.0,68.05,39.51,20.66,19.06
455,455,masvingo,48.0,ZW,1553315365.0,96.0,-20.08,30.83,63.77,11.23
456,456,soweto,12.0,ZA,1553315237.0,82.0,-26.22,27.89,61.0,2.24
457,457,fremont,90.0,US,1553315169.0,87.0,37.55,-121.99,55.99,6.93
458,458,ercis,20.0,TR,1553313000.0,85.0,39.03,43.36,28.0,5.82
459,459,vila velha,75.0,BR,1553315297.0,83.0,-3.71,-38.6,81.0,5.82
460,460,aykhal,56.0,RU,1553315366.0,65.0,65.95,111.51,1.49,12.8
461,461,belyy yar,0.0,RU,1553311800.0,21.0,53.6,91.39,41.0,9.55
462,462,port macquarie,0.0,AU,1553315105.0,58.0,-31.43,152.91,89.01,9.17
463,463,pervomayskiy,92.0,RU,1553315366.0,96.0,53.24,40.29,31.82,15.14
464,464,satrikh,0.0,IN,1553313600.0,40.0,26.86,81.19,73.4,12.75
465,465,ormara,68.0,PK,1553315367.0,94.0,25.21,64.64,71.6,8.77
466,466,manama,40.0,AE,1553315053.0,47.0,25.33,56.02,78.01,8.05
467,467,northam,92.0,GB,1553315271.0,81.0,51.04,-4.21,48.99,3.36
468,468,gryazi,92.0,RU,1553315368.0,95.0,52.5,39.96,32.18,12.91
469,469,ixtapa,0.0,MX,1553315108.0,89.0,20.71,-105.21,73.99,1.83
470,470,puerto colombia,75.0,CO,1553313600.0,83.0,10.99,-74.96,78.8,11.41
471,471,batemans bay,56.0,AU,1553315103.0,61.0,-35.71,150.18,77.0,1.99
472,472,usinsk,92.0,RU,1553315368.0,93.0,66.0,57.56,23.72,9.44
473,473,duxbury,90.0,US,1553315365.0,86.0,42.04,-70.67,41.0,10.29
474,474,torrington,90.0,US,1553315110.0,100.0,42.06,-104.18,44.6,8.05
475,475,laguna,0.0,MX,1553315369.0,29.0,27.52,-110.01,69.17,4.63
476,476,jerico,1.0,US,1553315337.0,37.0,37.17,-92.67,54.0,3.36
477,477,mayskiy,92.0,RU,1553311800.0,100.0,43.63,44.06,39.2,2.24
478,478,calvinia,76.0,ZA,1553315370.0,63.0,-31.47,19.78,51.62,3.74
479,479,kushiro,75.0,JP,1553310000.0,54.0,43.11,144.15,30.2,16.11
480,480,karratha,92.0,AU,1553315370.0,63.0,-20.74,116.85,86.72,31.59
481,481,emba,20.0,CY,1553314632.0,58.0,34.81,32.42,55.4,4.7
482,482,charleston,90.0,US,1553315111.0,51.0,38.35,-81.63,43.0,5.82
483,483,vangaindrano,92.0,MG,1553315371.0,100.0,-23.35,47.6,67.82,3.18
484,484,bud,80.0,NO,1553314616.0,75.0,62.91,6.91,41.0,32.21
485,485,pontes e lacerda,0.0,BR,1553315371.0,88.0,-15.23,-59.33,74.48,4.41
486,486,salina,1.0,US,1553315114.0,53.0,36.29,-95.15,57.99,5.82
487,487,tlahualilo,,,,,,,,
488,488,da lat,8.0,VN,1553315372.0,68.0,11.95,108.44,77.72,2.84
489,489,mao,20.0,DO,1553315106.0,83.0,19.55,-71.08,77.0,4.7
490,490,kegayli,,,,,,,,
491,491,hun,75.0,BE,1553315351.0,87.0,50.34,4.87,46.4,2.24
492,492,troitsko-pechorsk,80.0,RU,1553315372.0,86.0,62.71,56.19,23.45,3.85
493,493,mbala,48.0,ZM,1553315373.0,96.0,-8.85,31.37,60.17,4.18
494,494,tari,0.0,NG,1553315373.0,23.0,12.41,4.49,78.17,11.45
495,495,dandong,0.0,CN,1553315373.0,44.0,40.12,124.37,40.1,10.78
496,496,hamilton,20.0,CA,1553315228.0,63.0,43.26,-79.87,30.0,17.22
497,497,americus,1.0,US,1553315313.0,46.0,32.07,-84.23,55.0,4.7
498,498,norman wells,90.0,CA,1553313600.0,73.0,65.28,-126.83,23.0,10.29
499,499,novyy urengoy,76.0,RU,1553315345.0,92.0,66.08,76.63,21.02,7.43
500,500,gejiu,0.0,CN,1553315300.0,49.0,23.36,103.16,80.01,2.95
501,501,rawson,56.0,AR,1553315374.0,53.0,-43.3,-65.11,61.52,10.0
502,502,kotaparh,0.0,IN,1553315375.0,63.0,19.15,82.35,78.17,4.41
503,503,angicos,68.0,BR,1553315375.0,95.0,-5.67,-36.6,73.4,2.73
504,504,nizwa,0.0,OM,1553315375.0,83.0,22.93,57.53,58.46,3.51
505,505,atambua,0.0,ID,1553315375.0,90.0,-9.11,124.89,84.83,11.68
506,506,ostersund,32.0,SE,1553314909.0,73.0,63.18,14.64,39.2,3.36
507,507,inhambane,8.0,MZ,1553315225.0,100.0,-23.87,35.38,74.57,8.77
508,508,pangnirtung,32.0,CA,1553315376.0,54.0,66.15,-65.72,-19.4,5.75
509,509,ippy,0.0,CF,1553315376.0,59.0,6.26,21.2,78.89,9.44
510,510,inverness,40.0,GB,1553315106.0,86.0,57.48,-4.23,39.2,20.8
511,511,lolua,,,,,,,,
512,512,cabinda,80.0,AO,1553315377.0,100.0,-5.56,12.19,77.18,4.85
513,513,nirmali,0.0,IN,1553315377.0,23.0,26.31,86.57,79.16,4.18
514,514,lagos,20.0,NG,1553313600.0,83.0,6.46,3.39,78.8,2.24
515,515,biak,44.0,ID,1553315380.0,81.0,-0.91,122.88,85.55,2.62
516,516,ahipara,68.0,NZ,1553315191.0,73.0,-35.17,173.16,73.04,5.08
517,517,zwedru,24.0,LR,1553315380.0,91.0,6.07,-8.13,72.86,4.18
518,518,omsukchan,36.0,RU,1553315157.0,80.0,62.53,155.8,18.68,6.2
519,519,jhinjhak,0.0,IN,1553315381.0,35.0,26.58,79.75,71.15,9.22
520,520,muros,0.0,ES,1553315328.0,80.0,42.77,-9.06,55.0,3.36
521,521,itoman,90.0,JP,1553313360.0,68.0,26.12,127.67,71.6,12.75
522,522,lushunkou,,,,,,,,
523,523,katsuura,75.0,JP,1553315021.0,46.0,33.93,134.5,50.0,13.87
524,524,salvador,75.0,BR,1553313600.0,94.0,-12.98,-38.48,78.8,10.29
525,525,aflu,,,,,,,,
526,526,itarema,44.0,BR,1553315184.0,100.0,-2.92,-39.92,74.21,2.17
527,527,tianpeng,92.0,CN,1553315382.0,100.0,28.88,112.34,50.63,8.77
528,528,nome,1.0,US,1553315108.0,82.0,30.04,-94.42,64.0,4.7
529,529,galveston,1.0,US,1553315154.0,79.0,40.58,-86.19,32.0,8.05
530,530,shenjiamen,0.0,CN,1553315383.0,91.0,29.96,122.3,52.52,12.46
531,531,greensburg,1.0,US,1553315333.0,81.0,30.83,-90.67,59.0,2.73
532,532,san jose,0.0,PH,1553315384.0,58.0,15.79,120.99,84.38,3.18
533,533,richards bay,80.0,ZA,1553315384.0,99.0,-28.77,32.06,67.1,2.17
534,534,qujing,32.0,CN,1553315384.0,45.0,25.49,103.8,63.5,10.45
535,535,lovozero,80.0,RU,1553315385.0,75.0,68.01,35.02,22.73,10.78
536,536,samalaeulu,,,,,,,,
537,537,kruisfontein,32.0,ZA,1553315252.0,86.0,-34.0,24.73,64.85,8.43
538,538,huarmey,8.0,PE,1553315385.0,79.0,-10.07,-78.15,65.57,3.18
539,539,bonavista,92.0,CA,1553314590.0,89.0,48.65,-53.11,33.01,5.99
540,540,port hueneme,1.0,US,1553315220.0,71.0,34.15,-119.2,57.2,12.24
541,541,zabalj,0.0,RS,1553315345.0,74.0,45.37,20.06,39.99,1.12
542,542,dawson creek,1.0,CA,1553313600.0,80.0,55.76,-120.23,44.6,4.7
543,543,devils lake,1.0,US,1553314500.0,92.0,48.11,-98.87,26.6,6.93
544,544,kodinsk,0.0,RU,1553315386.0,65.0,58.6,99.18,30.83,6.87
545,545,powell river,90.0,CA,1553315119.0,100.0,49.84,-124.52,53.01,2.24
546,546,vanimo,48.0,PG,1553315386.0,99.0,-2.67,141.3,83.03,11.56
547,547,araouane,88.0,ML,1553315387.0,21.0,18.9,-3.53,69.8,10.22
548,548,krasnoyarka,90.0,RU,1553311800.0,92.0,55.33,73.1,24.8,2.24
549,549,creel,0.0,MX,1553315387.0,30.0,27.75,-107.63,45.68,4.07
550,550,palauig,0.0,PH,1553315387.0,64.0,15.44,119.9,85.55,2.28
551,551,kalmunai,0.0,LK,1553315388.0,84.0,7.42,81.82,82.94,4.18
552,552,padang,20.0,ID,1553310000.0,66.0,-0.92,100.36,87.8,3.36
553,553,altay,0.0,CN,1553315257.0,55.0,47.83,88.13,19.13,2.73
554,554,isangel,75.0,VU,1553310000.0,70.0,-19.55,169.27,87.8,16.11
555,555,sarab,76.0,IR,1553315388.0,96.0,38.61,44.99,28.85,1.95
556,556,henties bay,0.0,,1553313727.0,90.0,-22.12,14.28,61.0,5.01
557,557,shenxian,0.0,CN,1553315389.0,30.0,36.24,115.67,51.08,16.6
558,558,nemuro,40.0,JP,1553310000.0,46.0,43.32,145.57,28.4,11.41
559,559,itapecerica da serra,75.0,BR,1553315050.0,82.0,-23.72,-46.85,70.0,8.05
560,560,seoul,90.0,KR,1553313000.0,93.0,37.57,126.98,46.4,9.17
561,561,along,92.0,IN,1553315389.0,96.0,28.17,94.8,54.32,1.95
562,562,abu kamal,92.0,SY,1553315307.0,92.0,34.45,40.92,50.27,7.65
563,563,emerald,0.0,AU,1553315384.0,43.0,-23.53,148.16,91.0,13.87
564,564,payo,64.0,ID,1553315390.0,98.0,-3.75,103.64,77.99,4.41
565,565,soto la marina,68.0,MX,1553315390.0,71.0,23.77,-98.21,69.98,12.68
566,566,cartagena,0.0,ES,1553314565.0,72.0,37.63,-1.0,59.0,11.41
567,567,limbang,75.0,BN,1553311800.0,59.0,4.75,115.01,89.6,2.24
568,568,rancho palos verdes,1.0,US,1553315120.0,67.0,33.75,-118.37,60.01,3.36
569,569,waiouru,76.0,NZ,1553315127.0,71.0,-39.48,175.67,66.11,4.29
570,570,tursunzoda,90.0,UZ,1553313600.0,81.0,38.51,68.23,50.0,8.95
571,571,sivas,0.0,TR,1553313000.0,85.0,39.75,37.01,23.0,3.36
572,572,cangzhou,0.0,CN,1553315392.0,50.0,38.3,116.85,45.77,12.01
573,573,bushehr,40.0,IR,1553310000.0,63.0,28.97,50.84,64.4,6.93
574,574,roma,0.0,IT,1553315169.0,70.0,41.89,12.48,54.0,4.7
575,575,mackenzie,75.0,CA,1553313600.0,64.0,55.34,-123.09,37.4,4.7
576,576,alice springs,0.0,AU,1553313600.0,15.0,-23.7,133.88,102.2,11.41
577,577,sao joao da barra,92.0,BR,1553315393.0,97.0,-21.64,-41.05,79.88,14.25
578,578,nuuk,48.0,GL,1553313000.0,71.0,64.17,-51.74,3.2,13.87
579,579,jamsa,75.0,FI,1553314963.0,59.0,61.86,25.19,37.0,17.22
580,580,weligama,0.0,LK,1553315319.0,93.0,5.97,80.42,82.22,4.41
581,581,jining,0.0,CN,1553315394.0,31.0,35.41,116.58,53.87,14.81
582,582,lasa,20.0,CY,1553314632.0,58.0,34.92,32.53,55.4,4.7
583,583,cabimas,32.0,VE,1553315394.0,93.0,10.39,-71.44,80.69,9.78
584,584,dolinsk,75.0,RU,1553311800.0,49.0,47.32,142.8,23.0,13.42
585,585,ofunato,75.0,JP,1553310000.0,56.0,39.11,141.75,41.0,8.05
586,586,kutum,0.0,SD,1553315395.0,30.0,14.2,24.66,60.08,7.87
587,587,sao miguel do araguaia,20.0,BR,1553315193.0,95.0,-13.28,-50.16,74.39,4.18
588,588,petropavlovsk-kamchatskiy,40.0,RU,1553311800.0,64.0,53.05,158.65,33.8,11.18
589,589,tacuarembo,0.0,UY,1553315395.0,87.0,-31.73,-55.98,51.62,3.4
590,590,fortuna,20.0,ES,1553315139.0,66.0,38.18,-1.13,59.0,1.12
591,591,ust-nera,32.0,RU,1553315396.0,75.0,64.57,143.24,4.82,2.17
592,592,goderich,0.0,CA,1553315384.0,78.0,43.74,-81.71,33.01,20.07
593,593,nadadores,48.0,MX,1553315105.0,60.0,27.03,-101.59,71.01,1.99
594,594,solone,0.0,UA,1553313600.0,64.0,48.2,34.88,35.6,20.13
595,595,shalakusha,80.0,RU,1553315397.0,92.0,62.23,40.26,27.59,2.73
596,596,chilca,75.0,PE,1553313600.0,81.0,-13.22,-72.34,51.8,3.36
597,597,norden,90.0,DE,1553315349.0,100.0,53.59,7.21,44.01,4.7
598,598,klamath falls,90.0,US,1553315227.0,86.0,42.22,-121.78,41.0,3.36
599,599,puerto cortes,,,,,,,,
600,600,zemio,8.0,CF,1553315397.0,83.0,5.02,25.13,70.07,2.28
601,601,santa barbara,1.0,US,1553315363.0,87.0,34.42,-119.7,57.2,4.7
602,602,macaboboni,,,,,,,,
603,603,bara,88.0,NG,1553315399.0,47.0,10.41,10.6,78.98,5.86
604,604,joetsu,76.0,JP,1553315399.0,100.0,37.15,138.24,40.1,7.31
605,605,mehamn,88.0,NO,1553315399.0,87.0,71.03,27.85,31.91,20.96
606,606,tutoia,88.0,BR,1553315399.0,97.0,-2.76,-42.27,76.1,3.4
607,607,kiama,40.0,AU,1553315360.0,65.0,-34.67,150.86,80.01,9.17
608,608,fare,32.0,PF,1553315400.0,96.0,-16.7,-151.02,85.37,7.87
609,609,dourbali,0.0,TD,1553315400.0,65.0,11.81,15.86,73.58,2.95
610,610,husavik,0.0,CA,1553315152.0,79.0,50.56,-96.99,30.99,4.0
611,611,kazerun,12.0,IR,1553315400.0,74.0,29.62,51.65,44.87,2.17
612,612,itanagar,75.0,IN,1553310000.0,88.0,27.1,93.63,66.2,4.7
613,613,bhola,40.0,PK,1553313600.0,63.0,32.66,73.89,62.6,6.93
614,614,mackay,1.0,CA,1553314620.0,45.0,53.65,-115.58,46.4,2.24
